<?xml version="1.0" encoding="utf-8"?>
<extension type="component" version="3.0" method="upgrade">
    <name>com_jugb_joomla_games</name>
    <creationDate>2020-03-30</creationDate>
    <copyright>2020 JUG Berlin</copyright>
    <license>GNU General Public License Version 2 oder später; siehe LICENSE.txt</license>
    <author> JUG Berlin</author>
    <authorEmail>info@damiontools.de</authorEmail>
    <authorUrl>https://joomla.berlin/</authorUrl>
    <version>CVS: 1.0.0</version>
    <description>COM_JUGB_JOOMLA_GAMES_XML_DESCRIPTION</description>
    
    <scriptfile>script.php</scriptfile>
    
    <install> <!-- Runs on install -->
        <sql>
            <file driver="mysql" charset="utf8">sql/install.mysql.utf8.sql</file>
        </sql>
    </install>
    <update> <!-- Runs on update -->
        <sql>
            <file driver="mysql" charset="utf8">sql/update.mysql.utf8.sql</file>
        </sql>
    </update>
    <uninstall> <!-- Runs on uninstall -->
        <sql>
            <file driver="mysql" charset="utf8">sql/uninstall.mysql.utf8.sql</file>
        </sql>
    </uninstall>

    <files folder="site">
        <filename>index.html</filename>
        <filename>jugb_joomla_games.php</filename>
        <filename>controller.php</filename>
        <filename>router.php</filename>
        <folder>views</folder>
        <folder>models</folder>
        <folder>controllers</folder>
        <folder>helpers</folder>
    </files>
    <media destination="com_jugb_joomla_games" folder="media">
        <folder>js</folder>
        <folder>css</folder>
    </media>
    <languages folder="site/languages">
        
			<language tag="de-DE">de-DE/de-DE.com_jugb_joomla_games.ini</language>
    </languages>
    <administration>
        <menu>COM_JUGB_JOOMLA_GAMES</menu>
        <submenu>
            
			<menu link="option=com_jugb_joomla_games&amp;view=joomlagamesgames" view="joomlagamesgames" alt="Jugb_joomla_games/Joomlagamesgames">COM_JUGB_JOOMLA_GAMES_TITLE_JOOMLAGAMESGAMES</menu>

			<menu link="option=com_jugb_joomla_games&amp;view=joomlagamesscores" view="joomlagamesscores" alt="Jugb_joomla_games/Joomlagamesscores">COM_JUGB_JOOMLA_GAMES_TITLE_JOOMLAGAMESSCORES</menu>

        </submenu>
        <files folder="administrator">
            <filename>access.xml</filename>
            <filename>config.xml</filename>
            <filename>controller.php</filename>
            <filename>index.html</filename>
            <filename>jugb_joomla_games.php</filename>
            <folder>controllers</folder>
            <folder>assets</folder>
            <folder>helpers</folder>
            <folder>models</folder>
            <folder>sql</folder>
            <folder>tables</folder>
            <folder>views</folder>
        </files>
        <languages folder="administrator/languages">
            
			<language tag="de-DE">de-DE/de-DE.com_jugb_joomla_games.ini</language>
			<language tag="de-DE">de-DE/de-DE.com_jugb_joomla_games.sys.ini</language>
        </languages>
    </administration>
    <config>
        <fields name="params">
            <fieldset name="component">
                <field name="save_history" default="0" />
            </fieldset>
        </fields>
    </config>
    <plugins>
        <plugin group="search" plugin="jugb_joomla_games"/>
    </plugins>
    
</extension>
<!-- Component built by the Joomla Component Creator -->
<!-- http://www.component-creator.com/ -->
