<?xml version="1.0"?>
<component>
  <table action="add" table_name="#__jugb_joomla_games_score" storage_engine="" collation="utf8mb4_unicode_ci">
    <field field_name="id" field_type="INT" field_length="11" is_autoincrement="1" index="primary" description=""/>
    <field field_name="ordering" field_type="INT" field_length="11" index="index" description=""/>
    <field field_name="state" field_type="TINYINT" field_length="1" index="index" description=""/>
    <field field_name="checked_out" field_type="INT" field_length="11" index="index" description=""/>
    <field field_name="checked_out_time" field_type="DATETIME" description=""/>
    <field field_name="created_by" field_type="INT" field_length="11" index="index" description=""/>
    <field field_name="modified_by" field_type="INT" field_length="11" index="index" description=""/>
    <field field_name="username" field_type="VARCHAR" field_length="40" description=""/>
    <field field_name="points" field_type="BIGINT" description=""/>
    <field action="change" field_name="uid" field_type="INT" field_length="11" description=""/>
    <field field_name="gid" field_type="INT" field_length="11" description=""/>
  </table>
  <table action="add" table_name="#__jugb_joomla_games_games" storage_engine="" collation="utf8mb4_unicode_ci">
    <field field_name="id" field_type="INT" field_length="11" is_autoincrement="1" index="primary" description=""/>
    <field field_name="ordering" field_type="INT" field_length="11" index="index" description=""/>
    <field field_name="state" field_type="TINYINT" field_length="1" index="index" description=""/>
    <field field_name="checked_out" field_type="INT" field_length="11" index="index" description=""/>
    <field field_name="checked_out_time" field_type="DATETIME" description=""/>
    <field field_name="created_by" field_type="INT" field_length="11" index="index" description=""/>
    <field field_name="modified_by" field_type="INT" field_length="11" index="index" description=""/>
    <field field_name="name" field_type="VARCHAR" field_length="50" description=""/>
    <field field_name="description" field_type="TEXT" description=""/>
    <field field_name="gameimage" field_type="VARCHAR" field_length="255" description=""/>
    <field field_name="alias" field_type="VARCHAR(255) COLLATE utf8_bin" description=""/>
    <field field_name="params" field_type="LONGBLOB" description=""/>
  </table>
</component>
